media_id,url,name,pub_country,pub_state,language,about_country,media_type,public_notes,editor_notes,stories_per_day,first_story
"385423","http://www.op-marburg.de/","- op-marburg.de / Oberhessische Presse / Zeitung für Marburg - Biedenkopf","DEU","DE-HE","de","none","print_native","","","10.33","2017-04-17"
"385581","http://www.blitz-world.de/chemnitz/",":: BLITZ!-Stadtmagazin Chemnitz ::","DEU","DE-SN","none","none","print_native","","","0.0","2017-04-03"
"385583","http://www.blitz-world.de/dresden/",":: BLITZ!-Stadtmagazin Dresden ::","DEU","DE-SN","none","none","print_native","","","0.0","2017-04-03"
"385498","http://www.blitz-world.de/halle/",":: BLITZ!-Stadtmagazin Halle ::","DEU","DE-ST","none","none","print_native","","","0.0","2017-04-03"
"385585","http://www.blitz-world.de/leipzig/",":: BLITZ!-Stadtmagazin Leipzig ::","DEU","DE-SN","none","none","print_native","","","0.0","2017-04-03"
"385470","http://www.blitz-world.de/thueringen/",":: BLITZ!-Stadtmagazin Thueringen ::","DEU","DE-TH","none","none","print_native","","","0.0","2017-04-03"
"385526","http://www.aachener-nachrichten.de/","Aachener Nachrichten","DEU","DE-NW","de","none","print_native","","","18.19","2019-06-03"
"110173","http://aachener-zeitung.de/","aachener-zeitung.de","DEU","DE-NW","de","Kingdom of Belgium","print_native","","","18.13","2019-06-03"
"39164","http://www.abendblatt.de/","AbendBlatt","DEU","DE-HH","de","Federal Republic of Germany","print_native","","","197.8","2013-03-11"
"121272","http://abendzeitung-muenchen.de/","abendzeitung-muenchen.de","DEU","DE-BY","de","none","print_native","","","7.97","2017-04-03"
"385642","http://www.aichacher-zeitung.de/vorort/","Aichacher Zeitung | Vor Ort","DEU","DE-BY","de","none","print_native","","","0.0","2017-04-10"
"385523","http://www.aktiv-online.de/","AKTIVonline","DEU","DE-NW","de","none","print_native","","","1.74","2016-08-15"
"385534","http://www.brilon-totallokal.de/","Aktuell Archiv - brilon-totallokal.de","DEU","DE-NW","de","none","print_native","","","8.98","2017-04-03"
"385548","https://www.neueregionale.com/","Aktuelle Informationen aus Bad Wünnenberg, Büren, Delbrück, Geseke und Salzkotten","DEU","DE-NW","de","Federal Republic of Germany","print_native","","","0.0","2017-04-03"
"385540","http://www.dzonline.de/","Aktuelle Nachrichten - Dülmener Zeitung","DEU","DE-NW","de","none","print_native","","","143.06","2014-11-10"
"385645","http://www.main-netz.de/","Aktuelle Nachrichten aus Aschaffenburg und Umgebung - Main-Echo","DEU","DE-BY","de","none","print_native","","","52.42","2017-04-10"
"385461","http://www.az-online.de/lokales/landkreis-uelzen/","Aktuelle Nachrichten aus Uelzen - az-online.de","DEU","DE-NI","de","none","print_native","","","3.53","2017-04-03"
"385694","http://www.blizzaktuell.de/","Aktuelle Sportwetten Nachrichten – Blizzaktuell","DEU","DE-BY","de","none","print_native","","","5.09","2019-02-04"
"381608","http://all-in.de/","all-in.de","DEU","DE-BY","de","none","digital_native","","","31.53","2017-04-03"
"385673","http://www.allgaeuer-anzeigeblatt.de/","allgaeuer-anzeigeblatt.de - Homepage","DEU","DE-BY","de","Federal Republic of Germany","print_native","","","0.0","2017-04-03"
"385643","http://www.pnp.de/region_und_lokal/landkreis_altoetting/altoetting/","Altötting - Nachrichten - Zeitung - Alt-Neuöttinger Anzeiger","DEU","DE-BY","de","none","print_native","","","1.66","2017-04-03"
"385459","http://www.heide-kurier.de/","Anzeigen Zeitung Soltau Heide Kurier","DEU","DE-NI","de","Federal Republic of Germany","print_native","","","5.67","2019-05-13"
"385466","http://www.harlinger-online.de/","Anzeiger für Harlingerland – Aktuelle Nachrichten aus Ostfriesland","DEU","DE-NI","de","Federal Republic of Germany","print_native","","","0.0","2017-04-03"
"69752","http://www.augsburger-allgemeine.de/#spider","augsburger-allgemeine.de","DEU","DE-BY","de","none","print_native","","","249.07","2018-02-26"
"385584","http://www.dresden-news.com/","Bautzener Bote","DEU","DE-SN","de","Federal Republic of Germany","digital_native","","","0.58","2017-03-27"
"385664","http://www.gemeindezeitung.de/","Bayerische Gemeindezeitung","DEU","DE-BY","de","none","print_native","","","0.0","2017-04-10"
"39221","http://www.bbv-net.de","bbv-net","DEU","DE-NW","de","Federal Republic of Germany","print_native","","","5.34","2017-12-04"
"145076","http://berchtesgadener-anzeiger.de/","berchtesgadener-anzeiger.de","DEU","DE-BY","de","none","print_native","","","0.0","2018-06-11"
"385475","http://www.bergedorfer-zeitung.de/","Bergedorfer Zeitung - Bergedorfer Zeitung","DEU","DE-HH","de","none","print_native","","","20.73","2017-04-17"
"385410","http://www.morgenweb.de/region/bergstrasser-anzeiger","Bergsträßer Anzeiger","DEU","DE-HE","de","Federal Republic of Germany","print_native","","","301.29","2017-12-04"
"385502","http://www.berlin-nachrichten.de/","Berlin-Nachrichten Berlinnachrichten mit Berlin Regionalteil","DEU","DE-BE","de","none","digital_native","","","0.0","2017-04-03"
"40664","http://www.morgenpost.de/","BerlinMorgenpost","DEU","DE-BE","de","none","print_native","","","121.17","2013-03-18"
"385453","http://www.noz.de/bersenbruecker-kreisblatt","Bersenbrücker Kreisblatt","DEU","DE-NI","de","none","print_native","","","259.73","2013-09-16"
"22009","http://www.bild.de","bild.de","DEU","DE-HH","de","none","print_native","","","153.92","2013-06-10"
"385431","http://www.bleckederzeitung.de/","Bleckeder Zeitung - Die Zeitung für Bleckede, das Amt Neuhaus, Dahlenburg und den Landkreis Lüneburg","DEU","DE-NI","de","","print_native","","","0.02","2016-04-11"
"385433","http://www.borkumer-zeitung.de/","Borkumer Zeitung GmbH - Home - Borkumer Zeitung mit ePaper 2014","DEU","DE-NI","de","none","print_native","","","0.01","2016-12-19"
"41321","http://www.br.de/index.html","br-online","DEU","DE-BY","de","Federal Republic of Germany","video_broadcast","","","142.26","2013-03-18"
"385480","http://www.brandenburg-abc.de/","brandenburg-abc.de","DEU","DE-BB","de","none","digital_native","","","0.0","2017-04-03"
"131441","http://braunschweiger-zeitung.de/","braunschweiger-zeitung.de","DEU","DE-NI","de","none","print_native","","","173.99","2017-04-03"
"385650","http://www.pnp.de/region_und_lokal/landkreis_altoetting/burghausen/","Burghausen - Nachrichten - Zeitung - Burghauser Anzeiger","DEU","DE-BY","de","none","print_native","","","3.03","2017-04-03"
"144263","http://bz-berlin.de/","bz-berlin.de","DEU","DE-BE","de","none","print_native","","","45.1","2017-04-03"
"385432","http://www.boehme-zeitung.de/","BZ-Online","DEU","DE-NI","de","none","print_native","","","0.0","2018-07-23"
"385413","https://www.boersen-zeitung.de/index.php","Börsen-Zeitung - Zeitung für die Finanzmärkte","DEU","DE-HE","de","none","print_native","","","170.57","2017-04-10"
"385436","http://www.cellesche-zeitung.de/","Cellesche Zeitung | www.cellesche-zeitung.de","DEU","DE-NI","de","none","print_native","","","0.0","2017-08-21"
"385651","http://www.idowa.de/zeitung/chamer-zeitung","Chamer Zeitung - idowa","DEU","DE-BY","de","","print_native","","","0.0","2018-10-01"
"385524","http://www.christundwelt.de/","Christ & Welt: ZEIT für Glaube, Geist und Gesellschaft","DEU","DE-NW","de","none","print_native","","","64.87","2017-04-03"
"379335","http://come-on.de/","come-on.de","DEU","DE-NW","de","none","digital_native","","","41.96","2018-04-02"
"385489","http://www.blickpunkt-brandenburg.de/home.html","Das Nachrichtenportal für Brandenburg | | BlickPunkt Brandenburg","DEU","DE-BB","de","none","print_native","","","10.36","2017-04-03"
"373093","http://das-blaettchen.de/","das-blaettchen.de","DEU","DE-BE","de","none","print_native","","","1.04","2017-03-20"
"385537","http://www.dattelner-morgenpost.de/","Dattelner Morgenpost","DEU","DE-NW","de","none","print_native","","","2.4","2017-04-03"
"385439","http://www.dk-online.de/Nachrichten/Lokal/index.csp","Delmenhorster Kreisblatt","DEU","DE-NI","de","none","print_native","","","259.73","2013-09-16"
"385659","http://n-land.de/der-bote/","Der Bote - N-LAND","DEU","DE-BY","de","none","print_native","","","2.1","2017-04-03"
"385557","http://www.derpatriot.de/","Der Patriot - Home","DEU","DE-NW","de","Federal Republic of Germany","print_native","","","0.0","2017-04-03"
"385704","http://www.westallgaeuer-zeitung.de/","Der Westallgäuer | Ihre Heimatzeitung im Internet","DEU","DE-BY","de","","print_native","","","0.0","2017-04-10"
"385425","http://www.der-kurier.de/","der-kurier.de - This website is for sale! - der-kurier Resources and Information.","DEU","DE-HE","de","none","print_native","","","0.0","2019-05-20"
"385722","http://www.der-reporter.de/","der-reporter","DEU","DE-SH","de","none","print_native","","","0.0","2018-06-11"
"39451","http://www.derwesten.de/","derwestern","DEU","DE-NW","de","Federal Republic of Germany","digital_native","","","52.49","2013-03-18"
"385444","http://www.dewezet.de/","DEWEZET - Aktuelle Nachrichten der Deister- und Weserzeitung I dewezet.de","DEU","DE-NI","de","Hessen","print_native","","","0.0","2017-04-03"
"385567","http://www.die-glocke.de/lokalnachrichten","Die Glocke online - Tageszeitung in den Kreisen Warendorf und Gütersloh","DEU","DE-NW","de","none","print_native","","","9.26","2017-03-27"
"385656","http://www.idowa.de/dingolfinger-anzeiger/","Dingolfinger Anzeiger, Landauer Zeitung - idowa","DEU","DE-BY","de","","print_native","","","0.0","2018-02-19"
"39026","http://www.dnn-online.de/web/dnn/nachrichten/","dnn-online","DEU","DE-SN","de","Federal Republic of Germany","print_native","","","183.59","2015-10-26"
"39572","http://www.donaukurier.de","donaukurier","DEU","DE-BY","de","none","print_native","","","184.82","2013-06-03"
"385541","http://www.wz-newsline.de/lokales/duesseldorf","Düsseldorf","DEU","DE-NW","de","none","print_native","","","8.42","2017-04-10"
"385553","http://www.echo-nord.de/","echo-nord.de - Registered at Namecheap.com","DEU","DE-NW","de","none","print_native","","","0.0","2017-04-17"
"258252","http://echo-online.de/","echo-online.de","DEU","DE-HE","de","none","print_native","","","251.93","2017-04-03"
"385713","http://www.shz.de/lokales/eckernfoerder-zeitung/","Eckernförder Zeitung | Nachrichten für Eckernförde & Umgebung | shz.de","DEU","DE-SH","de","none","print_native","","","8.94","2017-04-10"
"385635","http://www.eifelzeitung.de/","Eifel - Zeitung - Ihre Zeitung in der Eifel - Mosel Region","DEU","DE-RP","de","none","print_native","","","10.68","2017-04-10"
"385639","http://www.eifel-journal.de/","Eifeljournal-Regional Erste Wahl - Home","DEU","DE-RP","de","none","print_native","","","0.0","2017-01-02"
"385714","http://www.shz.de/lokales/elmshorner-nachrichten/","Elmshorner Nachrichten | Nachrichten für Elmshorn & Umgebung | shz.de","DEU","DE-SH","de","none","print_native","","","8.97","2017-03-20"
"385658","http://www.nordbayern.de/region/erlangen","Erlangen - nordbayern.de","DEU","DE-BY","de","none","print_native","","","5.96","2017-04-03"
"385546","http://www.derwesten.de/staedte/essen/","Essen - derwesten.de","DEU","DE-NW","de","none","print_native","","","2.97","2017-04-03"
"185308","http://exberliner.com/","exberliner.com","DEU","DE-BE","en","none","print_native","","","2.21","2017-03-13"
"521525","http://fla.de/","fla.de","DEU","DE-SH","da","","print_native","","","0.0","2017-09-18"
"385716","http://www.shz.de/lokales/flensburger-tageblatt/","Flensburger Tageblatt | Nachrichten für Flensburg & Umgebung | shz.de","DEU","DE-SH","de","none","print_native","","","7.61","2017-04-10"
"19929","http://www.fnp.de","fnp.de","DEU","DE-HE","de","none","print_native","","","0.03","2017-04-10"
"385660","http://www.nordbayern.de/region/forchheim","Forchheim - nordbayern.de","DEU","DE-BY","de","none","print_native","","","8.31","2017-04-03"
"385671","http://www.frankenpost.de/","Frankenpost | Nachrichten aus Oberfranken","DEU","DE-BY","de","none","print_native","","","48.16","2017-04-03"
"40649","http://www.faz.net/","Frankfurter Allgemeine (FAZ)","DEU","DE-HE","de","none","print_native","null","","122.5","2013-03-11"
"39983","http://www.fr-online.de/home/1472778,1472778.html","FrankfurterRundschau","DEU","DE-HE","de","Federal Republic of Germany","print_native","","","0.22","2013-03-18"
"258653","http://freiepresse.de/","freiepresse.de","DEU","DE-SN","de","none","print_native","","","250.11","2017-04-03"
"177256","https://freitag.de/","freitag.de","DEU","DE-BE","de","none","print_native","","","6.46","2017-02-20"
"385462","http://www.friebo.de/","Friesländer Bote - Die etwas andere Anzeigenzeitung für Varel & umzu","DEU","DE-NI","de","none","print_native","","","0.0","2017-04-10"
"42199","http://www.fuldaerzeitung.de/","fuldaerzeitung","DEU","DE-HE","de","none","print_native","","","0.04","2013-03-04"
"385661","http://www.nordbayern.de/region/fuerth","Fürth - nordbayern.de","DEU","DE-BY","de","none","print_native","","","5.42","2017-04-03"
"385430","http://www.gandersheimer-kreisblatt.de/","Gandersheimer Kreisblatt","DEU","DE-NI","de","none","print_native","","","2.76","2017-12-04"
"42032","http://www.general-anzeiger-bonn.de/","general-anzeiger-bonn","DEU","DE-NW","de","none","print_native","","","56.29","2013-03-25"
"385417","http://www.giessener-allgemeine.de/","Gießener Allgemeine Zeitung | Home","DEU","DE-HE","de","none","print_native","","","0.0","2017-04-03"
"385442","http://www.waz-online.de/Gifhorn/Titelseite/","Gifhorn - WAZ/AZ-online.de","DEU","DE-NI","de","none","print_native","","","88.13","2017-04-24"
"379532","http://goettinger-tageblatt.de/","goettinger-tageblatt.de","DEU","DE-NI","de","none","print_native","","","160.69","2016-11-28"
"385451","http://www.gn-online.de/","Grafschafter Nachrichten","DEU","DE-NI","de","none","print_native","","","97.1","2017-04-03"
"385487","http://www.moz.de/heimat/lokalredaktionen/gransee/","Gransee - MOZ.de","DEU","DE-BB","de","none","print_native","","","2.1","2017-04-03"
"385665","http://www.nordbayern.de/region/gunzenhausen","Gunzenhausen - nordbayern.de","DEU","DE-BY","de","none","print_native","","","2.26","2017-03-27"
"385476","http://www.hafencitynews.de/","HAFENCITY ZEITUNG – Nachrichten von der Hamburger Stadtküste","DEU","DE-HH","de","Federal Republic of Germany","digital_native","","","0.31","2017-04-03"
"385471","http://www.hamburg-zwei.de/","HAMBURG ZWEI - Das Beste aus vier Jahrzehnten - Startseite","DEU","DE-HH","de","none","video_broadcast","","","0.0","2017-04-03"
"385478","http://www.hamburger-allgemeine.de/","Hamburger Allgemeine Rundschau – Die Monatszeitung für Hamburg aus Hamburg.","DEU","DE-HH","de","none","print_native","","","0.36","2017-03-27"
"538728","http://hanauer.de/","hanauer.de","DEU","DE-HE","de","none","print_native","","","0.0","2017-12-11"
"41519","http://www.handelsblatt.com/","Handelsblatt","DEU","DE-NW","de","none","print_native","","","70.37","2013-03-18"
"385477","http://www.harburg-aktuell.de/","harburg-aktuell.de | Internetzeitung für Hamburg-Harburg - harburg-aktuell.de","DEU","DE-HH","de","none","digital_native","","","3.41","2017-04-03"
"385549","http://www.derwesten.de/wp/","Hauptsache Heimat. -","DEU","DE-NW","de","none","print_native","","","179.57","2017-04-10"
"21547","http://www.haz.de","haz.de","DEU","DE-NI","de","none","print_native","","","214.89","2017-04-24"
"385576","http://www.hellwegeranzeiger.de/","Hellweger Anzeiger - Westfälische Rundschau","DEU","DE-NW","de","none","print_native","","","0.0","2017-04-03"
"385667","http://n-land.de/hersbrucker-zeitung/","Hersbrucker Zeitung - N-LAND","DEU","DE-BY","de","none","print_native","","","2.2","2017-04-03"
"332315","http://hersfelder-zeitung.de/","hersfelder-zeitung.de","DEU","DE-HE","de","none","print_native","","","24.79","2017-06-12"
"385551","http://www.hertener-allgemeine.de/","Hertener Allgemeine","DEU","DE-NW","de","none","print_native","","","3.43","2017-04-03"
"385668","http://www.nordbayern.de/region/herzogenaurach","Herzogenaurach - nordbayern.de","DEU","DE-BY","de","Federal Republic of Germany","print_native","","","0.54","2017-02-13"
"385545","http://www.derwesten.de/nrz/","Hier zu Hause -","DEU","DE-NW","de","none","print_native","","","216.63","2017-04-10"
"385445","http://www.hildesheimer-allgemeine.de/","Hildesheim","DEU","DE-NI","de","none","print_native","","","0.0","2016-09-05"
"385670","http://www.nordbayern.de/region/hilpoltstein","Hilpoltstein - nordbayern.de","DEU","DE-BY","de","Federal Republic of Germany","print_native","","","0.42","2017-04-10"
"39267","http://www.hna.de/","hna","DEU","DE-HE","de","Federal Republic of Germany","print_native","","","183.7","2013-03-11"
"385721","http://www.shz.de/lokales/holsteinischer-courier/","Holsteinischer Courier | Nachrichten für Neumünster & Umgebung | shz.de","DEU","DE-SH","de","none","print_native","","","11.37","2017-04-10"
"385535","http://www.hellerthaler-zeitung.de/Burbach/","http://www.hellerthaler-zeitung.de/Burbach/","DEU","DE-NW","none","none","print_native","","","0.0","2018-11-12"
"385636","http://www.hellerthaler-zeitung.de/Herdorf/","http://www.hellerthaler-zeitung.de/Herdorf/","DEU","DE-RP","none","none","print_native","","","0.0","2018-02-12"
"385565","http://www.hellerthaler-zeitung.de/Neunkirchen/","http://www.hellerthaler-zeitung.de/Neunkirchen/","DEU","DE-NW","","","print_native","","","0.0","2018-03-26"
"385491","http://www.lausitzecho.de/","http://www.lausitzecho.de/","DEU","DE-BB","de","","print_native","","","0.0","2017-07-10"
"385538","http://www.lz.de/","http://www.lz.de/","DEU","DE-NW","de","none","print_native","","","117.49","2020-02-24"
"385543","http://www.wz-newsline.de/home","http://www.wz.de/home","DEU","DE-NW","de","none","print_native","","","216.19","2017-04-10"
"385450","https://www.dieharke.de/","https://www.dieharke.de/","DEU","DE-NI","de","none","print_native","","","9.16","2020-05-25"
"385717","http://www.shz.de/lokales/husumer-nachrichten/","Husumer Nachrichten | Nachrichten für Husum & Nordfriesland | shz.de","DEU","DE-SH","de","none","print_native","","","8.59","2017-04-10"
"381836","http://ikz-online.de/","ikz-online.de","DEU","DE-NW","de","none","print_native","","","108.77","2017-04-10"
"385454","http://www.ga-online.de/-news/im-blickpunkt","Im Blickpunkt - General-Anzeiger: Alle Nachrichten, Bilder und Videos aus Ihrer Region","DEU","DE-NI","de","none","print_native","","","0.0","2018-06-04"
"385481","http://www.inforadio.de/","Inforadio.de","DEU","DE-BE","de","none","video_broadcast","","","7.78","2017-04-10"
"385730","http://www.shz.de/lokales/insel-bote/","Insel-Bote | Nachrichten für Föhr, Amrum & Nordfriesland | shz.de","DEU","DE-SH","de","none","print_native","","","5.37","2017-04-03"
"385469","http://www.insuedthueringen.de/lokal/bad_salzungen/","inSüdthüringen.de | Bad Salzungen","DEU","DE-TH","de","none","print_native","","","47.1","2017-04-03"
"385552","http://www.ivz-aktuell.de/","IVZ-Aktuell","DEU","DE-NW","de","none","print_native","","","0.0","2017-04-10"
"385446","http://jeversches-wochenblatt.de/","Jeversches Wochenblatt - Aktuelle Nachrichten aus Friesland","DEU","DE-NI","de","Federal Republic of Germany","print_native","","","0.0","2017-04-10"
"310655","http://jungefreiheit.de/","jungefreiheit.de","DEU","DE-BE","de","none","print_native","","","7.21","2017-02-27"
"21854","http://www.jungewelt.de","jungewelt.de","DEU","DE-BE","de","none","print_native","","","27.28","2018-06-04"
"50061","http://jungle-world.com/#spider","jungle-world.com","DEU","DE-BE","de","none","print_native","","","4.69","2017-02-20"
"40195","http://www.kn-online.de/","kn-online","DEU","DE-SH","de","Federal Republic of Germany","print_native","","","193.62","2013-03-18"
"385555","http://www.wz-newsline.de/lokales/krefeld","Krefeld","DEU","DE-NW","de","none","print_native","","","12.74","2017-12-04"
"385655","http://kreisanzeiger.de/","Kreis-Anzeiger - Verlags GmbH & CO. KG","DEU","DE-BY","de","","print_native","","","0.0","2017-01-30"
"119705","http://kreiszeitung.de/","kreiszeitung.de","DEU","DE-NI","de","none","digital_native","","","150.59","2016-06-06"
"41164","http://www.ksta.de/home/15189516,15189516.html","Ksta","DEU","DE-NW","de","Federal Republic of Germany","print_native","","","79.1","2013-03-18"
"385575","http://www.steinheimer-blickpunkt.de/","kurier-verlag.de","DEU","DE-NW","none","none","print_native","","","0.0","2017-04-03"
"656022","http://www.lagazettedeberlin.com/","La Gazette de Berlin (French)","DEU","DE-BE","fr","","print_native","","","0.0","2018-01-08"
"656021","http://www.lagazettedeberlin.com/category/die-gazette/","La Gazette de Berlin (German)","DEU","DE-BE","de","","print_native","","","0.0","2018-01-08"
"385725","http://www.shz.de/lokales/landeszeitung/","Landeszeitung | Lokale Nachrichten aus Ihrer Region | shz.de","DEU","DE-SH","de","none","print_native","","","9.87","2017-07-17"
"385449","http://www.landeszeitung.de/","landeszeitung.de","DEU","DE-NI","de","none","print_native","","","145.78","2017-04-10"
"385681","http://www.idowa.de/zeitung/landshuter-zeitung","Landshuter Zeitung - idowa","DEU","DE-BY","de","","print_native","","","0.0","2018-07-16"
"385483","http://www.lr-online.de/","Lausitzer Rundschau - Brandenburger Tageszeitung mit Nachrichten aus Wirtschaft, Politik und Kultur","DEU","DE-BB","de","none","print_native","","","0.01","2017-04-03"
"385505","http://www.lepetitjournal.com/berlin","Lepetitjournal.com - Berlin","DEU","DE-BE","fr","","digital_native","","","0.0","2014-05-19"
"360771","http://ln-online.de/","ln-online.de","DEU","DE-SH","de","none","print_native","","","99.09","2017-04-10"
"385532","http://www.come-on.de/lokales/altena/","Lokale Nachrichten aus Altena - come-on.de","DEU","DE-NW","de","none","print_native","","","2.94","2017-04-03"
"385503","http://www.abendblatt-berlin.de/","Lokale Nachrichten aus Berlin. › Nachrichten aus Berlin: lokal, spannend, aktuell › BERLINER ABENDBLATT","DEU","DE-BE","de","none","print_native","","","3.77","2016-02-29"
"385424","http://www.kreis-anzeiger.de/index.htm","Lokale Nachrichten aus Büdingen, Nidda, dem Wetteraukreis und angrenzenden Gemeinden im Vogelsbergkreis - Kreis-Anzeiger","DEU","DE-HE","de","none","print_native","","","204.87","2017-04-03"
"385411","http://www.buerstaedter-zeitung.de/index.htm","Lokale Nachrichten aus Bürstadt, Lampertheim, Rhein-Neckar und Hessen - Bürstädter Zeitung","DEU","DE-HE","de","none","print_native","","","200.8","2017-04-03"
"385646","http://www.infranken.de/regional/bad-kissingen/","Lokale Nachrichten aus dem Landkreis Bad Kissingen","DEU","DE-BY","de","none","print_native","","","117.24","2013-06-03"
"385652","http://www.infranken.de/regional/coburg/","Lokale Nachrichten aus dem Landkreis Coburg","DEU","DE-BY","de","none","print_native","","","117.06","2017-11-06"
"385676","http://www.infranken.de/regional/kitzingen/","Lokale Nachrichten aus dem Landkreis Kitzingen","DEU","DE-BY","de","none","print_native","","","117.16","2013-06-03"
"385679","http://www.infranken.de/regional/kulmbach/","Lokale Nachrichten aus dem Landkreis Kulmbach","DEU","DE-BY","de","none","print_native","","","116.4","2017-11-06"
"385416","http://www.gelnhaeuser-tageblatt.de/index.htm","Lokale Nachrichten aus Gelnhausen, dem Altkreis Gelnhausen und dem Main-Kinzig-Kreis - Gelnhäuser Tageblatt","DEU","DE-HE","de","none","print_native","","","203.79","2017-04-03"
"385550","http://www.come-on.de/lokales/halver/","Lokale Nachrichten aus Halver - come-on.de","DEU","DE-NW","de","none","print_native","","","2.19","2017-04-03"
"385479","http://www.elbe-wochenblatt.de/","Lokale Nachrichten aus Ihrer Region auf elbe-wochenblatt.de","DEU","DE-HH","de","none","print_native","","","1.52","2017-03-27"
"385691","http://www.marktspiegel.de/","Lokale Nachrichten aus Ihrer Region auf marktspiegel.de","DEU","DE-BY","de","none","print_native","","","9.21","2017-04-03"
"385421","http://www.lauterbacher-anzeiger.de/index.htm","Lokale Nachrichten aus Lauterbach und dem Vogelsbergkreis - Lauterbacher Anzeiger","DEU","DE-HE","de","none","print_native","","","194.46","2017-04-03"
"385559","http://www.come-on.de/lokales/meinerzhagen/","Lokale Nachrichten aus Meinerzhagen - come-on.de","DEU","DE-NW","de","none","print_native","","","2.19","2017-04-03"
"385418","http://www.giessener-anzeiger.de/index.htm","Lokale Nachrichten aus Stadt Gießen und Landkreis Gießen - Gießener Anzeiger","DEU","DE-HE","de","none","print_native","","","209.7","2017-04-03"
"385426","http://www.usinger-anzeiger.de/index.htm","Lokale Nachrichten aus Usingen und dem Hochtaunuskreis - Usinger Anzeiger","DEU","DE-HE","de","none","print_native","","","191.87","2017-04-03"
"385578","http://www.come-on.de/lokales/werdohl/","Lokale Nachrichten aus Werdohl - come-on.de","DEU","DE-NW","de","none","print_native","","","2.73","2017-04-03"
"385428","http://www.wiesbadener-kurier.de/index.htm","Lokale Nachrichten aus Wiesbaden, Rheingau, Taunus und Hessen - Wiesbadener Kurier","DEU","DE-HE","de","none","print_native","","","239.57","2017-04-03"
"385640","http://www.wormser-zeitung.de/index.htm","Lokale Nachrichten aus Worms, Rhein-Neckar, dem Wonnegau und Rheinland-Pfalz - Wormser Zeitung","DEU","DE-RP","de","none","print_native","","","211.09","2017-04-03"
"385641","http://www.augsburger-allgemeine.de/aichach/","Lokales (Aichach)","DEU","DE-BY","de","none","print_native","","","9.28","2017-04-03"
"385672","http://www.augsburger-allgemeine.de/illertissen/","Lokales (Illertissen)","DEU","DE-BY","de","none","print_native","","","8.48","2013-06-17"
"385685","http://www.augsburger-allgemeine.de/mindelheim/","Lokales (Mindelheim)","DEU","DE-BY","de","none","print_native","","","9.2","2013-06-10"
"385689","http://www.augsburger-allgemeine.de/neu-ulm/","Lokales (Neu-Ulm)","DEU","DE-BY","de","none","print_native","","","12.39","2013-06-10"
"385427","http://www.mittelhessen.de/","Lokales - mittelhessen.de","DEU","DE-HE","de","none","digital_native","","","227.1","2019-05-27"
"385529","http://www.wn.de/Muensterland/Kreis-Warendorf/Ahlen","Lokales und Nachrichten Ahlen - Westfälische Nachrichten ...","DEU","DE-NW","de","none","print_native","","","5.23","2017-04-03"
"385455","http://www.rotenburger-rundschau.de/redaktion/redaktion/aktuell/newsstart.php","Lokalmeldungen aus dem Landkreis Rotenburg","DEU","DE-NI","de","none","print_native","","","1.42","2017-07-31"
"38916","http://www.lvz-online.de/","lvz-online","DEU","DE-SN","de","Federal Republic of Germany","print_native","","","247.51","2016-08-15"
"385558","http://www.come-on.de/lokales/luedenscheid/","Lüdenscheid - come-on.de","DEU","DE-NW","de","none","print_native","","","6.8","2017-04-03"
"39517","http://www.mainpost.de/","mainpost","DEU","DE-BY","de","Federal Republic of Germany","print_native","","","162.22","2013-03-18"
"385560","http://www.marler-zeitung.de/","Marler Zeitung","DEU","DE-NW","de","none","print_native","","","2.49","2017-04-03"
"193693","http://maz-online.de/","maz-online.de","DEU","DE-BB","de","none","print_native","","","40.93","2013-06-17"
"385579","http://www.meerbuscher-nachrichten.de/","Meerbuscher Nachrichten","DEU","DE-NW","de","none","print_native","","","3.41","2017-04-24"
"39005","http://www.merkur-online.de","merkur-online","DEU","DE-BY","de","Federal Republic of Germany","print_native","","","263.63","2013-03-11"
"346325","http://mittelbayerische.de/","mittelbayerische.de","DEU","DE-BY","de","none","print_native","","","251.39","2015-05-04"
"263942","http://monde-diplomatique.de/","monde-diplomatique.de","DEU","DE-BE","de","none","print_native","","","0.0","2013-08-05"
"40013","http://www.moz.de/","moz","DEU","DE-BB","de","Federal Republic of Germany","print_native","","","22.26","2013-05-27"
"385437","http://www.mt-news.de/","mt-news.de / Münsterländische Tageszeitung","DEU","DE-NI","de","none","print_native","","","0.0","2013-06-03"
"332599","http://mt.de/","mt.de","DEU","DE-NW","de","","print_native","","","0.01","2015-10-19"
"385539","http://www.derwesten.de/wr/","mutig - offen - mittendrin -","DEU","DE-NW","de","none","print_native","","","182.67","2017-04-10"
"122644","http://mv-online.de/","mv-online.de","DEU","DE-NW","de","none","print_native","","","32.64","2017-04-03"
"385687","http://www.wochenanzeiger.de/","Münchner Wochenanzeiger - Wochenanzeiger München","DEU","DE-BY","de","none","print_native","","","1.54","2017-04-03"
"385440","http://www.einbecker-morgenpost.de/start.html","Nachrichten & Veranstaltungen für den Altkreis Einbeck, Kreiensen, Dassel und Region - Einbecker Morgenpost","DEU","DE-NI","de","none","print_native","","","3.46","2017-04-10"
"385438","http://www.cn-online.de/","Nachrichten - Cuxhavener Nachrichten","DEU","DE-NI","de","none","print_native","","","0.0","2017-04-03"
"385644","http://www.oberpfalznetz.de/zeitung/0-125,1,0.html","Nachrichten aus Amberg - Onetz","DEU","DE-BY","de","none","print_native","","","190.27","2018-06-04"
"385649","http://www.all-in.de/nachrichten/lokales/gemeinde.=buchloe/","Nachrichten aus Buchloe und Umgebung | all-in.de - das Allgäu online!","DEU","DE-BY","de","none","print_native","","","10.23","2017-03-27"
"385654","http://www.merkur-online.de/lokales/dachau/","Nachrichten aus Dachau - Münchner Merkur","DEU","DE-BY","de","none","print_native","","","4.9","2017-04-10"
"385458","http://www.beobachter-online.de/","Nachrichten aus der Region auf beobachter-online.de","DEU","DE-NI","de","none","print_native","","","2.92","2017-03-13"
"385657","http://www.merkur-online.de/lokales/erding/","Nachrichten aus der Region Erding - Münchner Merkur","DEU","DE-BY","de","none","print_native","","","10.06","2017-04-10"
"385662","http://www.all-in.de/nachrichten/lokales/gemeinde.=fuessen/","Nachrichten aus Füssen und Umgebung | all-in.de - das Allgäu online!","DEU","DE-BY","de","none","print_native","","","10.14","2013-11-04"
"385443","http://www.goslarsche.de/","Nachrichten aus Goslar und dem Harz - Goslarsche Zeitung - Goslarsche.de","DEU","DE-NI","de","none","print_native","","","0.0","2017-04-03"
"385674","http://www.all-in.de/nachrichten/lokales/gemeinde.=kaufbeuren/","Nachrichten aus Kaufbeuren und Umgebung | all-in.de - das Allgäu online!","DEU","DE-BY","de","none","print_native","","","10.22","2017-03-27"
"385675","http://www.all-in.de/nachrichten/lokales/gemeinde.=kempten/","Nachrichten aus Kempten und Umgebung | all-in.de - das Allgäu online!","DEU","DE-BY","de","none","print_native","","","10.24","2017-03-27"
"385554","http://www.kevelaerer-blatt.de/","Nachrichten aus Kevelaer - Kevelaerer Blatt","DEU","DE-NW","de","none","print_native","","","4.66","2017-04-03"
"385699","http://www.onetz.de/landkreis-amberg-sulzbach/","Nachrichten aus Landkreis Amberg-Sulzbach - Onetz","DEU","DE-BY","de","none","print_native","","","0.0","2017-04-03"
"385683","http://www.all-in.de/nachrichten/lokales/gemeinde.=marktoberdorf/","Nachrichten aus Marktoberdorf und Umgebung | all-in.de - das Allgäu online!","DEU","DE-BY","de","none","print_native","","","10.28","2017-03-27"
"385684","http://www.all-in.de/nachrichten/lokales/gemeinde.=memmingen/","Nachrichten aus Memmingen und Umgebung | all-in.de - das Allgäu online!","DEU","DE-BY","de","none","print_native","","","10.17","2013-11-04"
"385698","http://www.idowa.de/","Nachrichten aus Ostbayern - idowa","DEU","DE-BY","de","none","digital_native","","","109.77","2017-07-24"
"385441","https://www.emderzeitung.de/top-nachrichten/","Nachrichten aus Ostfriesland, Deutschland und der Welt - Emder Zeitung","DEU","DE-NI","de","none","print_native","","","0.0","2017-04-10"
"385490","http://www.nordkurier.de/prenzlau","Nachrichten aus Prenzlau | Nordkurier.de","DEU","DE-BB","de","none","print_native","","","0.07","2017-04-03"
"385700","http://www.heimatzeitung.de/lokales/landkreis_traunstein/","Nachrichten aus Traunstein, Trostberg, Traunreut - Trostberger Tagblatt / Traunreuter Tagblatt | heimatzeitung.de","DEU","DE-BY","de","none","print_native","","","5.8","2017-04-03"
"385703","http://www.oberpfalznetz.de/onetz/0-118,1,0.html","Nachrichten aus Weiden - Onetz","DEU","DE-BY","de","none","print_native","","","189.73","2018-06-04"
"385647","http://www.infranken.de/regional/fraenkischertag/","Nachrichten und Informationen aus Bamberg und Franken","DEU","DE-BY","de","none","print_native","","","116.9","2017-11-06"
"39681","http://www.ndr.de/home/index.html","ndr","DEU","DE-HH","de","Federal Republic of Germany","video_broadcast","","","56.51","2013-03-18"
"385460","http://www.ndz.de/","NDZ: Nachrichten & Infos der Neuen Deister-Zeitung","DEU","DE-NI","de","none","print_native","","","27.96","2017-04-03"
"385653","http://www.np-coburg.de/","Neue Presse Coburg | Nachrichten aus Oberfranken","DEU","DE-BY","de","none","print_native","","","33.87","2017-04-03"
"118995","http://neuepresse.de/","neuepresse.de","DEU","DE-NI","de","none","print_native","","","186.87","2017-04-10"
"21558","http://www.neues-deutschland.de","neues-deutschland.de","DEU","DE-BE","de","none","print_native","","","41.83","2017-04-03"
"385690","http://www.nordbayern.de/region/neumarkt","Neumarkt - nordbayern.de","DEU","DE-BY","de","none","print_native","","","8.4","2017-04-03"
"385566","http://www.rp-online.de/nrw/staedte/neuss/","Neuss","DEU","DE-NW","de","none","print_native","","","10.18","2017-04-03"
"67330","http://www.nordbayerischer-kurier.de/#spider","nordbayerischer-kurier.de","DEU","DE-BY","de","none","print_native","","","29.98","2017-04-10"
"300747","http://nordbayern.de/","nordbayern.de","DEU","DE-BY","de","none","print_native","","","206.44","2017-04-10"
"385718","http://www.shz.de/lokales/norddeutsche-rundschau/","Norddeutsche Rundschau | Nachrichten für Itzehoe & Umgebung | shz.de","DEU","DE-SH","de","none","print_native","","","12.78","2017-04-24"
"385723","http://www.shz.de/lokales/nordfriesland-tageblatt/","Nordfriesland Tageblatt | Nachrichten für Nordfriesland | shz.de","DEU","DE-SH","de","none","print_native","","","6.13","2017-05-08"
"70220","http://www.noz.de/#spider","noz.de","DEU","DE-NI","de","none","print_native","","","260.63","2013-09-16"
"108396","http://nw-news.de/","nw-news.de","DEU","DE-NW","de","United Kingdom of Great Britain and Northern Ireland","print_native","","","178.6","2020-02-24"
"40109","http://www.nwzonline.de/","nwzonline","DEU","DE-NI","de","Federal Republic of Germany","print_native","","","25.97","2013-05-27"
"656019","http://www.oberpfalznetz.de/onetz/","Oberpfalznetz","DEU","DE-BY","de","United States","digital_native","","","190.89","2018-06-04"
"385463","http://www.ov-online.de/","Oldenburgische Volkszeitung","DEU","DE-NI","de","none","print_native","","","0.0","2017-04-10"
"144975","http://op-online.de/","op-online.de","DEU","DE-HE","de","none","print_native","","","132.53","2017-04-10"
"385488","http://www.moz.de/heimat/lokalredaktionen/oranienburg/","Oranienburg - MOZ.de","DEU","DE-BB","de","none","print_native","","","3.0","2017-04-10"
"385447","http://www.oz-online.de/-news/ostfriesland","Ostfriesland - Ostfriesen-Zeitung: Alle Nachrichten, Bilder und Videos aus Ihrer Region","DEU","DE-NI","de","none","print_native","","","0.0","2017-09-11"
"385715","http://www.shz.de/lokales/ostholsteiner-anzeiger/","Ostholsteiner Anzeiger | Nachrichten für Eutin & Umgebung | shz.de","DEU","DE-SH","de","none","print_native","","","7.33","2017-04-10"
"38810","http://www.otz.de","otz","DEU","DE-TH","de","none","print_native","","","20.99","2020-03-02"
"385695","http://www.ovb-online.de/","ovb-online.de - Nachrichten und News aus Rosenheim","DEU","DE-BY","de","none","print_native","","","0.19","2017-04-10"
"385574","http://www.solinger-tageblatt.de/","page - Solinger Tageblatt","DEU","DE-NW","de","none","print_native","","","60.77","2017-11-27"
"385464","http://www.wz-net.de/","page - Walsroder Zeitung","DEU","DE-NI","de","none","print_native","","","0.0","2017-03-27"
"385588","http://www.mdr.de/index.html","page | MDR.DE","DEU","DE-SN","de","none","video_broadcast","","","60.54","2017-04-03"
"385692","http://www.nordbayern.de/region/pegnitz","Pegnitz - nordbayern.de","DEU","DE-BY","de","none","print_native","","","6.83","2017-04-03"
"385693","http://n-land.de/pegnitz-zeitung/","Pegnitz Zeitung - N-LAND","DEU","DE-BY","de","none","print_native","","","2.53","2017-04-03"
"385724","http://www.shz.de/lokales/pinneberger-tageblatt/","Pinneberger Tageblatt | Nachrichten für Pinneberg & Umgebung | shz.de","DEU","DE-SH","de","none","print_native","","","17.73","2017-04-03"
"109824","http://pnn.de/","pnn.de","DEU","DE-BB","de","none","print_native","","","13.9","2017-04-03"
"41861","http://www.pnp.de/","pnp","DEU","DE-BY","de","Federal Republic of Germany","print_native","","","210.57","2013-05-20"
"385472","http://www.preussische-allgemeine.de/","Preuische Allgemeine Zeitung","DEU","DE-HH","de","Federal Republic of Germany","print_native","","","2.03","2017-03-20"
"385494","http://www.prignitzer.de/","prignitzer.de | Nachrichten aus Mecklenburg-Vorpommern und Brandenburg","DEU","DE-BB","de","none","print_native","","","233.9","2017-04-03"
"385496","http://www.radiobremen.de/","Radio Bremen Homepage -","DEU","DE-HB","de","none","video_broadcast","","","3.59","2017-04-03"
"385680","http://www.radio-plassenburg.de/","Radio Plassenburg","DEU","DE-BY","de","none","video_broadcast","","","65.39","2017-04-10"
"385507","http://www.radioberlin.de/","radioBERLIN 88,8","DEU","DE-BE","en","none","video_broadcast","","","18.84","2017-04-03"
"143851","http://rbb-online.de/","rbb-online.de","DEU","DE-BE","de","none","video_broadcast","","","22.94","2017-04-03"
"385570","http://www.recklinghaeuser-zeitung.de/","Recklinghäuser Zeitung","DEU","DE-NW","de","none","print_native","","","4.04","2017-04-03"
"385415","http://www.gnz.de/","Region - GNZ.de","DEU","DE-HE","de","none","print_native","","","0.0","2017-07-24"
"385648","http://www.idowa.de/zeitung/bogener-zeitung","Region - idowa","DEU","DE-BY","de","none","print_native","","","109.14","2017-12-04"
"385412","http://www.dill.de/","Region Dillenburg - mittelhessen.de","DEU","DE-HE","de","none","print_native","","","227.12","2019-05-27"
"385419","http://www.kreisblatt.de/","Regionale Nachrichten aus dem Main-Taunus-Kreis, Rhein-Main und Hessen | Höchster Kreisblatt","DEU","DE-HE","de","none","print_native","","","0.0","2017-04-10"
"385409","http://www.taunus-zeitung.de/","Regionale Nachrichten aus dem Taunus, Rhein-Main und Hessen | Taunus Zeitung","DEU","DE-HE","de","none","print_native","","","0.0","2015-01-05"
"385422","http://www.nnp.de/","Regionale Nachrichten aus Limburg, Rhein-Main und Hessen | Nassauische Neue Presse","DEU","DE-HE","de","none","print_native","","","0.0","2017-04-10"
"38795","http://www.rga-online.de","rga-online","DEU","DE-NW","de","none","print_native","","","108.83","2013-03-11"
"385634","http://www.rha.de/","RHA - Rhein-Hunsrück-Anzeiger","DEU","DE-RP","de","none","print_native","","","5.23","2017-04-10"
"69708","http://www.rhein-zeitung.de/#spider","rhein-zeitung.de","DEU","DE-RP","de","none","print_native","","","79.81","2017-04-03"
"385637","http://www.rheinpfalz.de/nachrichten/titelseite/","RHEINPFALZ.de: Titelseite","DEU","DE-RP","de","none","print_native","","","0.0","2017-04-03"
"385696","http://www.nordbayern.de/region/roth","Roth - nordbayern.de","DEU","DE-BY","de","none","print_native","","","3.68","2017-04-03"
"40776","http://www.rp-online.de/","RP","DEU","DE-NW","de","Kingdom of Belgium","print_native","","","55.79","2015-11-09"
"41796","http://www.ruhrnachrichten.de","ruhrnachrichten","DEU","DE-NW","de","Federal Republic of Germany","print_native","","","132.06","2013-03-18"
"40889","http://www.saarbruecker-zeitung.de","saarbruecker-zeitung","DEU","DE-SL","de","none","print_native","","","207.74","2017-12-04"
"385587","http://www.sachsen-sonntag.de/","Sachsen Sonntag & Leipziger Rundschau","DEU","DE-SN","de","none","print_native","","","1.07","2019-05-27"
"385456","http://www.salzgitter-zeitung.de/","Salzgitter Zeitung - Salzgitter Zeitung","DEU","DE-NI","de","none","print_native","","","173.61","2017-04-03"
"385688","http://www.samstagsblatt.de/","Samstagsblatt München","DEU","DE-BY","de","none","print_native","","","2.88","2017-03-20"
"385569","http://www.sauerlandkurier.de/aktuell/","SauerlandKurier","DEU","DE-NW","de","none","print_native","","","42.4","2018-04-02"
"385719","http://www.shz.de/lokales/schleibote/","Schlei-Bote | Nachrichten für Kappeln & Umgebung | shz.de","DEU","DE-SH","de","Federal Republic of Germany","print_native","","","6.31","2017-08-28"
"385726","http://www.shz.de/lokales/schleswiger-nachrichten/","Schleswiger Nachrichten | Nachrichten für Schleswig & Umgebung | shz.de","DEU","DE-SH","de","none","print_native","","","9.24","2017-04-24"
"385697","http://www.nordbayern.de/region/schwabach","Schwabach - nordbayern.de","DEU","DE-BY","de","none","print_native","","","2.11","2017-03-27"
"385420","http://www.morgenweb.de/region/sudhessen-morgen","Schwetzinger Zeitung / Hockenheimer Zeitung","DEU","DE-HE","de","Federal Republic of Germany","print_native","","","301.89","2017-11-27"
"265072","http://shz.de/","shz.de","DEU","DE-SH","de","none","digital_native","","","221.0","2016-08-08"
"385528","http://www.aegidienberger-bote.de/","Siebengebirgsbote – Anzeigenblatt für Bad Honnef und Umgebung","DEU","DE-NW","de","Federal Republic of Germany","print_native","","","0.09","2017-03-20"
"385571","http://www.siegener-zeitung.de/","Siegener Zeitung :: Startseite","DEU","DE-NW","de","none","print_native","","","28.24","2017-04-03"
"188461","http://siegerlandkurier.de/","siegerlandkurier.de","DEU","DE-NW","de","none","print_native","","","0.0","2017-06-12"
"385457","http://www.sn-online.de/","SN-online – Schaumburgs größtes Nachrichtenportal – www.SN-Online.de","DEU","DE-NI","de","none","print_native","","","174.76","2017-05-15"
"385573","http://www.soester-anzeiger.de/","Soester Anzeiger","DEU","DE-NW","de","none","print_native","","","42.64","2018-04-02"
"260374","http://solidaritaet.com/","solidaritaet.com","DEU","DE-HE","de","Hessen","print_native","","","0.0","2017-04-10"
"656025","http://www.sonntagsnachrichten.de/","Sonntags Nachrichten","DEU","DE-ST","de","","print_native","","","0.03","2017-05-15"
"385686","http://www.bayerische-staatszeitung.de/","Staatszeitung","DEU","DE-BY","de","none","print_native","","","0.0","2017-04-03"
"385492","http://www.teltower-stadtblatt.de/","Stadt-Blatt Verlag","DEU","DE-BB","de","none","print_native","","","0.71","2017-04-03"
"385536","http://www.azonline.de/","Start - Allgemeine Zeitung","DEU","DE-NW","de","none","print_native","","","222.19","2013-06-10"
"385452","http://www.paz-online.de/","Start - PAZ-online.de","DEU","DE-NI","de","none","print_native","","","109.72","2017-04-10"
"385533","http://www.borkenerzeitung.de/","Startseite - Borkener Zeitung","DEU","DE-NW","de","none","print_native","","","0.0","2017-04-03"
"385434","http://www.brv-zeitung.de/","Startseite - Bremervörder Zeitung","DEU","DE-NI","de","none","print_native","","","0.0","2017-08-21"
"385556","http://www.postillon.com/","Startseite - Der Postillon. Der Wochenkurier für Lage und darüber hinaus.","DEU","DE-NW","de","United Kingdom of Great Britain and Northern Ireland","print_native","","","0.0","2017-11-27"
"385544","http://www.emsdettenervolkszeitung.de/","Startseite - EV Online","DEU","DE-NW","de","none","print_native","","","32.66","2017-04-03"
"385563","http://www.muensterschezeitung.de/","Startseite - Münstersche Zeitung","DEU","DE-NW","de","none","print_native","","","80.38","2017-04-03"
"385497","http://www.nordsee-zeitung.de/startseite.html","Startseite - NORDSEE-ZEITUNG","DEU","DE-HB","de","none","print_native","","","0.0","2016-03-07"
"385508","http://www.tip-berlin.de/","Startseite - tip berlin","DEU","DE-BE","de","none","print_native","","","0.52","2017-05-29"
"385473","http://www.radiohamburg.de/","Startseite / Radio Hamburg","DEU","DE-HH","de","none","video_broadcast","","","0.0","2017-04-03"
"385562","http://www.muenster-am-sonntag.de/","Startseite | Hallo","DEU","DE-NW","de","","print_native","","","0.0","2020-11-17"
"385568","http://www.stimberg-zeitung.de/","Stimberg Zeitung","DEU","DE-NW","de","none","print_native","","","2.53","2017-04-03"
"385712","http://www.shz.de/lokales/stormarner-tageblatt/","Stormarner Tageblatt | Nachrichten für Bad Oldeloe & Umgebung | shz.de","DEU","DE-SH","de","none","print_native","","","8.91","2013-09-16"
"385663","http://www.idowa.de/zeitung/allgemeine-laber-zeitung","Straubinger Tagblatt, Bogener Zeitung - idowa","DEU","DE-BY","de","none","print_native","","","0.0","2018-07-23"
"41359","http://www.sueddeutsche.de/","suddeutsche","DEU","DE-BY","de","Federal Republic of Germany","print_native","","","42.69","2013-03-18"
"385499","http://www.supersonntag-web.de/","Supersonntag","DEU","DE-ST","de","none","print_native","","","0.0","2017-04-03"
"385572","http://www.swa-wwa.de/","SWA - Der Anzeiger für den Mittwoch und das Wochenende - Start","DEU","DE-NW","de","none","print_native","","","0.0","2017-04-10"
"385727","http://www.shz.de/lokales/sylter-rundschau/","Sylter Rundschau | Nachrichten für die Insel Sylt & Nordfriesland | shz.de","DEU","DE-SH","de","none","print_native","","","7.06","2017-06-26"
"378707","http://sz-online.de/","sz-online.de","DEU","DE-SN","de","none","print_native","","","0.01","2017-04-03"
"385435","http://www.landes-zeitung.de/","SZ/LZ - Schaumburger Zeitung und Landes-Zeitung - Nachrichten aus Schaumburg","DEU","DE-NI","de","United States","print_native","","","0.0","2018-03-19"
"521900","http://szlz.de/","szlz.de","DEU","DE-NI","de","none","print_native","","","0.0","2018-04-23"
"385582","http://www.sz-online.de/sachsen/doebeln","Sächsische Zeitung - online","DEU","DE-SN","de","none","print_native","","","0.0","2017-04-03"
"39893","http://www.tageblatt.de/","tageblatt-de","DEU","DE-NI","de","Federal Republic of Germany","print_native","","","0.06","2013-05-27"
"39206","http://www.tagesspiegel.de","Tagespiegel","DEU","DE-BE","de","Federal Republic of Germany","print_native","","","64.47","2013-03-18"
"385589","http://vogtland-anzeiger.de","Tageszeitung für Plauen und das Vogtland - www.vogtland-anzeiger.de","DEU","DE-SN","de","Federal Republic of Germany","print_native","","","2.94","2017-05-15"
"39953","http://www.tah.de/","tah","DEU","DE-NI","de","Federal Republic of Germany","print_native","","","12.56","2013-06-17"
"20001","http://www.taz.de","taz.de","DEU","DE-NW","de","none","print_native","","","38.93","2017-04-03"
"385542","http://www.terz.org/","TERZ StattZeitung für Düsseldorf","DEU","DE-NW","de","Federal Republic of Germany","print_native","","","0.0","2017-04-03"
"384826","http://themunicheye.com/","themunicheye.com","DEU","DE-BY","en","none","print_native","","","0.09","2011-06-20"
"40869","http://www.thueringer-allgemeine.de/","thueringer-allgemeine","DEU","DE-TH","de","none","print_native","","","21.44","2019-11-25"
"385638","http://www.pirmasenser-zeitung.de/nachrichten/titelseite/","Titelseite: PIRMASENSER-ZEITUNG.DE","DEU","DE-RP","de","none","print_native","","","0.0","2017-04-10"
"39739","http://www.tlz.de","tlz","DEU","DE-TH","de","none","print_native","","","23.11","2019-07-08"
"385701","http://www.traunsteiner-tagblatt.de/","Traunsteiner Tagblatt - Das Nachrichtenportal im Landkreis Traunstein und Berchtesgadener Land - Traunsteiner Tagblatt","DEU","DE-BY","de","Federal Republic of Germany","print_native","","","0.0","2017-04-10"
"385702","http://www.nordbayern.de/region/treuchtlingen","Treuchtlingen - nordbayern.de","DEU","DE-BY","de","none","print_native","","","1.48","2017-03-27"
"143671","http://tz.de/","tz.de","DEU","DE-BY","de","none","print_native","","","160.13","2017-04-10"
"385493","http://www.uckermarkkurier.de/","Uckermarkkurier.de","DEU","DE-BB","de","none","print_native","","","0.78","2018-06-04"
"385728","http://www.uena.de/","Uetersener Nachrichten | Nachrichten für Uetersen & Umgebung | shz.de","DEU","DE-SH","de","none","print_native","","","8.57","2016-02-01"
"47448","http://www.vesti-online.com/#spider","vesti-online.com","DEU","DE-HE","sr","none","print_native","","","100.58","2013-06-03"
"385677","http://www.idowa.de/zeitung/koetztinger-zeitung","Viechtacher Anzeiger - idowa","DEU","DE-BY","de","none","print_native","","","0.0","2018-05-14"
"41916","http://www.volksfreund.de/","volksfreund","DEU","DE-RP","de","Federal Republic of Germany","print_native","","","190.73","2017-12-11"
"110566","http://volksstimme.de/","volksstimme.de","DEU","DE-ST","de","none","print_native","","","70.59","2017-04-03"
"385485","http://www.der-blitz.de/","Von Haremsdamen & Habgier","DEU","DE-BB","de","Federal Republic of Germany","print_native","","","0.0","2017-03-20"
"22514","http://www.wa.de","wa.de","DEU","DE-NW","de","none","print_native","","","42.98","2018-04-23"
"385577","http://www.waltroper-zeitung.de/","Waltroper Zeitung","DEU","DE-NW","de","none","print_native","","","2.98","2017-04-03"
"41700","http://www.wdr.de/themen/","wdr","DEU","DE-NW","de","Federal Republic of Germany","video_broadcast","","","101.11","2016-08-08"
"656020","http://www.nordbayern.de/region/weißenburg","Weissenburger Tagblatt","DEU","DE-BY","de","Phuket","print_native","","","1.87","2017-11-27"
"41264","http://www.welt.de/","Welt","DEU","DE-HH","de","Federal Republic of Germany","print_native","","","122.08","2013-03-18"
"282559","http://werra-rundschau.de/","werra-rundschau.de","DEU","DE-HE","de","none","print_native","","","44.08","2018-04-02"
"119186","http://weser-kurier.de/","weser-kurier.de","DEU","DE-HB","de","none","print_native","","","70.58","2017-04-10"
"385564","http://www.westline.de/","westline","DEU","DE-NW","de","none","digital_native","","","0.0","2017-04-03"
"385729","http://www.shz.de/lokales/wilstersche-zeitung/","Wilstersche Zeitung | Aktuelle Nachrichten, Hintergründe und Reportagen in der großen Lokalzeitung für Wilster, Itzehoe und den ","DEU","DE-SH","de","Federal Republic of Germany","print_native","","","3.3","2012-09-10"
"145368","http://wn.de/","wn.de","DEU","DE-NW","de","none","print_native","","","275.58","2016-02-29"
"385484","http://www.wochenkurier.info/","Wochenkurier","DEU","DE-BB","de","none","print_native","","","10.98","2017-04-10"
"385467","http://www.waz-online.de/","Wolfsburg - WAZ/AZ-online.de","DEU","DE-NI","de","none","print_native","","","87.78","2017-04-24"
"385468","http://www.wolfsburger-nachrichten.de/","Wolfsburger Nachrichten - Wolfsburger Nachrichten","DEU","DE-NI","de","none","print_native","","","174.36","2017-04-03"
"385580","http://www.wz-newsline.de/lokales/wuppertal","Wuppertal","DEU","DE-NW","de","none","print_native","","","20.33","2017-04-03"
"385682","http://www.obermain.de/","www.obermain.de","DEU","DE-BY","de","none","print_native","","","0.0","2017-04-10"
"144614","http://wzonline.de/","wzonline.de","DEU","DE-NI","de","none","print_native","","","0.01","2015-09-14"
"38697","http://www.zeit.de/index","zeit","DEU","DE-HH","de","none","print_native","","","66.24","2013-03-11"
"385509","http://www.zitty.de/","ZITTY - Das Wochenmagazin für Berlin","DEU","DE-BE","de","none","print_native","","","0.0","2017-04-10"
"385429","http://www.on-online.de/-news/ueberblick","Überblick - Ostfriesische Nachrichten: Alle Nachrichten, Bilder und Videos aus Ihrer Region","DEU","DE-NI","de","none","print_native","","","0.0","2018-12-03"
"385506","http://www.mknews.de/","Новости Германии - МК в Германии","DEU","DE-BE","ru","Russian Federation","print_native","","","793.33","2018-06-11"
